date,DC power:kWh,direct_rad:W,diffuse_rad:W,global_rad:W,clear_sky_rad:W,sunshine_duration_24h:p,uv:idx,sun_azimuth:d,sun_elevation:d
09.01.25 00:00,0.0,0,0,0,0,1,0,14.5,-64.3
09.01.25 00:05,0.0,0,0,0,0,0,0,17.1,-64
09.01.25 00:10,0.0,0,0,0,0,0,0,19.7,-63.8
09.01.25 00:15,0.0,0,0,0,0,0,0,22.2,-63.5
09.01.25 00:20,0.0,0,0,0,0,0,0,24.6,-63.1
09.01.25 00:25,0.0,0,0,0,0,0,0,27,-62.7
09.01.25 00:30,0.0,0,0,0,0,0,0,29.4,-62.3
09.01.25 00:35,0.0,0,0,0,0,0,0,31.7,-61.9
09.01.25 00:40,0.0,0,0,0,0,0,0,33.9,-61.5
09.01.25 00:45,0.0,0,0,0,0,0,0,36.1,-61
09.01.25 00:50,0.0,0,0,0,0,0,0,38.2,-60.5
09.01.25 00:55,0.0,0,0,0,0,1,0,40.3,-59.9
09.01.25 01:00,0.0,0,0,0,0,1,0,42.3,-59.4
09.01.25 01:05,0.0,0,0,0,0,0,0,44.3,-58.8
09.01.25 01:10,0.0,0,0,0,0,0,0,46.1,-58.2
09.01.25 01:15,0.0,0,0,0,0,0,0,48,-57.6
09.01.25 01:20,0.0,0,0,0,0,0,0,49.8,-56.9
09.01.25 01:25,0.0,0,0,0,0,0,0,51.5,-56.3
09.01.25 01:30,0.0,0,0,0,0,0,0,53.2,-55.6
09.01.25 01:35,0.0,0,0,0,0,0,0,54.8,-54.9
09.01.25 01:40,0.0,0,0,0,0,0,0,56.4,-54.2
09.01.25 01:45,0.0,0,0,0,0,0,0,58,-53.5
09.01.25 01:50,0.0,0,0,0,0,0,0,59.5,-52.8
09.01.25 01:55,0.0,0,0,0,0,1,0,60.9,-52
09.01.25 02:00,0.0,0,0,0,0,1,0,62.4,-51.3
09.01.25 02:05,0.0,0,0,0,0,0,0,63.7,-50.5
09.01.25 02:10,0.0,0,0,0,0,0,0,65.1,-49.8
09.01.25 02:15,0.0,0,0,0,0,0,0,66.4,-49
09.01.25 02:20,0.0,0,0,0,0,0,0,67.7,-48.2
09.01.25 02:25,0.0,0,0,0,0,0,0,69,-47.4
09.01.25 02:30,0.0,0,0,0,0,0,0,70.2,-46.6
09.01.25 02:35,0.0,0,0,0,0,0,0,71.4,-45.8
09.01.25 02:40,0.0,0,0,0,0,0,0,72.6,-45
09.01.25 02:45,0.0,0,0,0,0,0,0,73.8,-44.2
09.01.25 02:50,0.0,0,0,0,0,0,0,74.9,-43.4
09.01.25 02:55,0.0,0,0,0,0,1,0,76,-42.6
09.01.25 03:00,0.0,0,0,0,0,1,0,77.1,-41.7
09.01.25 03:05,0.0,0,0,0,0,0,0,78.2,-40.9
09.01.25 03:10,0.0,0,0,0,0,0,0,79.2,-40.1
09.01.25 03:15,0.0,0,0,0,0,0,0,80.3,-39.2
09.01.25 03:20,0.0,0,0,0,0,0,0,81.3,-38.4
09.01.25 03:25,0.0,0,0,0,0,0,0,82.3,-37.6
09.01.25 03:30,0.0,0,0,0,0,0,0,83.3,-36.7
09.01.25 03:35,0.0,0,0,0,0,0,0,84.3,-35.9
09.01.25 03:40,0.0,0,0,0,0,0,0,85.3,-35
09.01.25 03:45,0.0,0,0,0,0,0,0,86.2,-34.2
09.01.25 03:50,0.0,0,0,0,0,0,0,87.2,-33.3
09.01.25 03:55,0.0,0,0,0,0,1,0,88.1,-32.5
09.01.25 04:00,0.0,0,0,0,0,1,0,89.1,-31.6
09.01.25 04:05,0.0,0,0,0,0,0,0,90,-30.8
09.01.25 04:10,0.0,0,0,0,0,0,0,90.9,-29.9
09.01.25 04:15,0.0,0,0,0,0,0,0,91.8,-29.1
09.01.25 04:20,0.0,0,0,0,0,0,0,92.7,-28.2
09.01.25 04:25,0.0,0,0,0,0,0,0,93.6,-27.4
09.01.25 04:30,0.0,0,0,0,0,0,0,94.5,-26.6
09.01.25 04:35,0.0,0,0,0,0,0,0,95.4,-25.7
09.01.25 04:40,0.0,0,0,0,0,0,0,96.2,-24.9
09.01.25 04:45,0.0,0,0,0,0,0,0,97.1,-24
09.01.25 04:50,0.0,0,0,0,0,0,0,98,-23.2
09.01.25 04:55,0.0,0,0,0,0,1,0,98.8,-22.3
09.01.25 05:00,0.0,0,0,0,0,1,0,99.7,-21.5
09.01.25 05:05,0.0,0,0,0,0,0,0,100.6,-20.7
09.01.25 05:10,0.0,0,0,0,0,0,0,101.4,-19.8
09.01.25 05:15,0.0,0,0,0,0,0,0,102.3,-19
09.01.25 05:20,0.0,0,0,0,0,0,0,103.1,-18.2
09.01.25 05:25,0.0,0,0,0,0,0,0,104,-17.4
09.01.25 05:30,0.0,0,0,0,0,0,0,104.8,-16.5
09.01.25 05:35,0.0,0,0,0,0,0,0,105.7,-15.7
09.01.25 05:40,0.0,0,0,0,0,0,0,106.5,-14.9
09.01.25 05:45,0.0,0,0,0,0,0,0,107.4,-14.1
09.01.25 05:50,0.0,0,0,0,0,0,0,108.3,-13.3
09.01.25 05:55,0.0,0,0,0,0,1,0,109.1,-12.5
09.01.25 06:00,0.0,0,0,0,0,1,0,110,-11.7
09.01.25 06:05,0.0,0,0,0,0,0,0,110.8,-10.9
09.01.25 06:10,0.0,0,0,0,0,0,0,111.7,-10.1
09.01.25 06:15,0.0,0,0,0,0,0,0,112.6,-9.3
09.01.25 06:20,0.0,0,0,0,0,0,0,113.4,-8.5
09.01.25 06:25,0.0,0,0,0,0,0,0,114.3,-7.7
09.01.25 06:30,0.0,0,0,0,0,0,0,115.2,-7
09.01.25 06:35,0.0,0,0,0,0,0,0,116,-6.2
09.01.25 06:40,0.0,0,0,0,0,0,0,116.9,-5.4
09.01.25 06:45,0.0,0,0,0,0,0,0,117.8,-4.7
09.01.25 06:50,0.0,0,0,0,0,0,0,118.7,-3.9
09.01.25 06:55,0.0,0,0,0,0,1,0,119.6,-3.2
09.01.25 07:00,0.0,0,0,0,0,1,0,120.5,-2.5
09.01.25 07:05,0.0,0,0,0,0,0,0,121.4,-1.7
09.01.25 07:10,0.0,0,0,0,0,0,0,122.3,-1
09.01.25 07:15,0.0,0,0,0,1.6,0,0,123.2,0.2
09.01.25 07:20,0.0,0,2.8,2.8,6.1,0,0,124.1,0.8
09.01.25 07:25,0.0,0,7.1,7.1,10.7,0,0,125,1.4
09.01.25 07:30,0.0,0,12.3,12.3,15.5,0,0,126,2.1
09.01.25 07:35,0.0,0,15.8,15.8,20.6,0,0,126.9,2.7
09.01.25 07:40,0.0,0,17.8,17.8,26.2,0,0,127.8,3.4
09.01.25 07:45,0.0,0,23,23,32.5,0,0,128.8,4
09.01.25 07:50,0.0,0,28.8,28.8,39.5,0,0,129.7,4.6
09.01.25 07:55,0.0,0,35.3,35.3,47.2,1,0,130.7,5.3
09.01.25 08:00,0.0,0,42.5,42.5,55.4,1,0,131.7,5.9
09.01.25 08:05,0.0,0,46.5,46.5,64.2,0,0,132.7,6.5
09.01.25 08:10,0.0,0,50,50,73.3,0,0,133.6,7.1
09.01.25 08:15,0.0,0,52.7,52.7,82.8,0,0,134.6,7.7
09.01.25 08:20,0.0,0,54.4,54.4,92.5,0,0,135.6,8.3
09.01.25 08:25,0.0,0,57.4,57.4,102.3,0,0,136.6,8.9
09.01.25 08:30,0.0,0,59.8,59.8,112.3,0,0,137.7,9.5
09.01.25 08:35,0.0,0,61.6,61.6,122.4,0,0,138.7,10
09.01.25 08:40,0.1,0,62.7,62.7,132.5,0,0,139.7,10.6
09.01.25 08:45,0.1,0,64.3,64.3,142.5,0,0,140.8,11.1
09.01.25 08:50,0.1,0,65.5,65.5,152.5,0,0,141.8,11.6
09.01.25 08:55,0.2,0,66.1,66.1,162.5,1,0,142.9,12.2
09.01.25 09:00,0.3,0,66.1,66.1,172.3,1,0,143.9,12.7
09.01.25 09:05,0.4,0,71.7,71.7,181.9,0,0,145,13.2
09.01.25 09:10,1.0,0,77.4,77.4,191.4,0,0,146.1,13.6
09.01.25 09:15,0.6,0,83.2,83.2,200.7,0,0,147.2,14.1
09.01.25 09:20,0.5,0,89.1,89.1,209.8,0,0,148.3,14.6
09.01.25 09:25,0.6,0,94.1,94.1,218.6,0,0,149.4,15
09.01.25 09:30,0.8,0,99,99,227.2,0,0,150.5,15.4
09.01.25 09:35,1.1,0,103.9,103.9,235.6,0,0,151.6,15.8
09.01.25 09:40,0.8,0,108.7,108.7,243.7,0,0,152.8,16.2
09.01.25 09:45,0.8,0,127.1,127.1,251.5,0,0,153.9,16.6
09.01.25 09:50,0.9,0,146.2,146.2,259.1,0,1,155.1,17
09.01.25 09:55,0.9,0,166,166,266.3,1,1,156.2,17.3
09.01.25 10:00,1.0,0,186.5,186.5,273.2,1,1,157.4,17.6
09.01.25 10:05,1.1,0,179.7,179.7,279.8,0,1,158.5,18
09.01.25 10:10,1.3,0,172.2,172.2,286.1,0,1,159.7,18.3
09.01.25 10:15,1.7,0,163.9,163.9,292,0,1,160.9,18.5
09.01.25 10:20,1.6,0,154.9,154.9,297.7,0,1,162.1,18.8
09.01.25 10:25,2.2,0,161.3,161.3,302.9,0,1,163.3,19.1
09.01.25 10:30,2.1,0,167.6,167.6,307.8,0,1,164.5,19.3
09.01.25 10:35,2.9,0,173.8,173.8,312.4,0,1,165.7,19.5
09.01.25 10:40,2.5,0,179.9,179.9,316.6,0,1,166.9,19.7
09.01.25 10:45,5.0,0,182.4,182.4,320.5,0,1,168.1,19.9
09.01.25 10:50,4.1,0,184.8,184.8,323.9,0,1,169.3,20.1
09.01.25 10:55,4.2,0,186.9,186.9,327,1,1,170.6,20.2
09.01.25 11:00,3.6,0,188.9,188.9,329.8,1,1,171.8,20.4
09.01.25 11:05,4.7,0,177.7,177.7,332.1,0,1,173,20.5
09.01.25 11:10,4.5,0,166.1,166.1,334.1,0,1,174.2,20.6
09.01.25 11:15,2.1,0,154.2,154.2,335.7,0,1,175.5,20.6
09.01.25 11:20,2.7,0,142,142,336.9,0,1,176.7,20.7
09.01.25 11:25,3.0,0,130.4,130.4,337.7,0,1,178,20.7
09.01.25 11:30,3.2,0,118.5,118.5,338.2,0,1,179.2,20.8
09.01.25 11:35,2.8,0,106.5,106.5,338.3,0,1,180.4,20.8
09.01.25 11:40,2.9,0,94.3,94.3,338,0,1,181.7,20.7
09.01.25 11:45,2.9,0,113.8,113.8,337.3,0,1,182.9,20.7
09.01.25 11:50,2.0,0,133,133,336.2,0,1,184.1,20.7
09.01.25 11:55,2.7,0,151.9,151.9,334.7,1,1,185.4,20.6
09.01.25 12:00,2.8,0,170.4,170.4,332.9,1,1,186.6,20.5
09.01.25 12:05,3.1,0,169.9,169.9,330.6,0,1,187.8,20.4
09.01.25 12:10,1.8,0,169.3,169.3,328,0,1,189.1,20.3
09.01.25 12:15,2.0,0,168.4,168.4,325.1,0,1,190.3,20.1
09.01.25 12:20,1.7,0,167.3,167.3,321.7,0,0,191.5,20
09.01.25 12:25,1.5,0,168.7,168.7,318,0,0,192.7,19.8
09.01.25 12:30,1.8,0,169.9,169.9,313.9,0,0,193.9,19.6
09.01.25 12:35,2.6,0,170.9,170.9,309.5,0,0,195.2,19.4
09.01.25 12:40,4.5,0,171.5,171.5,304.7,0,0,196.4,19.2
09.01.25 12:45,3.4,0,186.3,186.3,299.6,0,0,197.6,18.9
09.01.25 12:50,2.5,0,200.2,200.2,294.1,0,0,198.7,18.6
09.01.25 12:55,1.9,0,213.2,213.2,288.3,1,0,199.9,18.4
09.01.25 13:00,1.6,0,225.3,225.3,282.1,1,0,201.1,18.1
09.01.25 13:05,1.7,0,213.9,213.9,275.6,0,0,202.3,17.8
09.01.25 13:10,1.2,0,202.5,202.5,268.8,0,0,203.4,17.4
09.01.25 13:15,1.2,0,191.2,191.2,261.7,0,0,204.6,17.1
09.01.25 13:20,1.2,0,180,180,254.2,0,0,205.8,16.7
09.01.25 13:25,1.1,0,160.6,160.6,246.5,0,0,206.9,16.4
09.01.25 13:30,1.0,0,141.9,141.9,238.5,0,0,208,16
09.01.25 13:35,1.1,0,124,124,230.2,0,0,209.2,15.6
09.01.25 13:40,1.4,0,106.9,106.9,221.7,0,0,210.3,15.1
09.01.25 13:45,1.5,0,93.9,93.9,212.9,0,0,211.4,14.7
09.01.25 13:50,1.2,0,81.5,81.5,203.9,0,0,212.5,14.3
09.01.25 13:55,1.5,0,69.8,69.8,194.7,1,0,213.6,13.8
09.01.25 14:00,2.1,0,58.8,58.8,185.3,1,0,214.7,13.3
09.01.25 14:05,1.7,0,55.6,55.6,175.7,0,0,215.8,12.8
09.01.25 14:10,2.0,0,52.4,52.4,166,0,0,216.8,12.3
09.01.25 14:15,2.3,0,49.1,49.1,156.1,0,0,217.9,11.8
09.01.25 14:20,1.5,0,45.9,45.9,146.1,0,0,218.9,11.3
09.01.25 14:25,1.6,0,40.6,40.6,136.1,0,0,220,10.8
09.01.25 14:30,1.8,0,35.6,35.6,126,0,0,221,10.2
09.01.25 14:35,1.9,0,30.9,30.9,115.9,0,0,222,9.7
09.01.25 14:40,2.2,0,26.6,26.6,105.9,0,0,223.1,9.1
09.01.25 14:45,1.7,0,23.2,23.2,96,0,0,224.1,8.5
09.01.25 14:50,1.6,0,20,20,86.2,0,0,225.1,7.9
09.01.25 14:55,1.2,0,17,17,76.7,1,0,226.1,7.3
09.01.25 15:00,1.2,0,14.3,14.3,67.4,1,0,227.1,6.7
09.01.25 15:05,1.3,0,12.3,12.3,58.5,0,0,228.1,6.1
09.01.25 15:10,1.8,0,10.5,10.5,50.1,0,0,229,5.5
09.01.25 15:15,2.3,0,8.8,8.8,42.2,0,0,230,4.9
09.01.25 15:20,1.6,0,7.2,7.2,35,0,0,231,4.2
09.01.25 15:25,1.1,0,5.4,5.4,28.4,0,0,231.9,3.6
09.01.25 15:30,0.5,0,4,4,22.5,0,0,232.8,3
09.01.25 15:35,1.1,0,2.7,2.7,17.3,0,0,233.8,2.3
09.01.25 15:40,0.9,0,1.7,1.7,12.4,0,0,234.7,1.7
09.01.25 15:45,1.1,0,1.3,1.3,7.8,0,0,235.6,1
09.01.25 15:50,1.1,0,0.8,0.8,3.2,0,0,236.6,0.4
09.01.25 15:55,0.7,0,0,0,0,0,0,237.5,-0.8
09.01.25 16:00,0.6,0,0,0,0,0,0,238.4,-1.5
09.01.25 16:05,0.3,0,0,0,0,0,0,239.3,-2.2
09.01.25 16:10,0.4,0,0,0,0,0,0,240.2,-2.9
09.01.25 16:15,0.3,0,0,0,0,0,0,241.1,-3.7
09.01.25 16:20,0.2,0,0,0,0,0,0,242,-4.4
09.01.25 16:25,0.7,0,0,0,0,0,0,242.9,-5.2
09.01.25 16:30,0.7,0,0,0,0,0,0,243.7,-5.9
09.01.25 16:35,0.2,0,0,0,0,0,0,244.6,-6.7
09.01.25 16:40,0.2,0,0,0,0,0,0,245.5,-7.5
09.01.25 16:45,0.0,0,0,0,0,0,0,246.4,-8.2
09.01.25 16:50,0.0,0,0,0,0,0,0,247.2,-9
09.01.25 16:55,0.0,0,0,0,0,0,0,248.1,-9.8
09.01.25 17:00,0.0,0,0,0,0,0,0,249,-10.6
09.01.25 17:05,0.0,0,0,0,0,0,0,249.8,-11.4
09.01.25 17:10,0.0,0,0,0,0,0,0,250.7,-12.2
09.01.25 17:15,0.0,0,0,0,0,0,0,251.5,-13
09.01.25 17:20,0.0,0,0,0,0,0,0,252.4,-13.8
09.01.25 17:25,0.0,0,0,0,0,0,0,253.2,-14.6
09.01.25 17:30,0.0,0,0,0,0,0,0,254.1,-15.4
09.01.25 17:35,0.0,0,0,0,0,0,0,255,-16.2
09.01.25 17:40,0.0,0,0,0,0,0,0,255.8,-17.1
09.01.25 17:45,0.0,0,0,0,0,0,0,256.7,-17.9
09.01.25 17:50,0.0,0,0,0,0,0,0,257.5,-18.7
09.01.25 17:55,0.0,0,0,0,0,0,0,258.4,-19.5
09.01.25 18:00,0.0,0,0,0,0,0,0,259.2,-20.4
09.01.25 18:05,0.0,0,0,0,0,0,0,260.1,-21.2
09.01.25 18:10,0.0,0,0,0,0,0,0,261,-22
09.01.25 18:15,0.0,0,0,0,0,0,0,261.8,-22.9
09.01.25 18:20,0.0,0,0,0,0,0,0,262.7,-23.7
09.01.25 18:25,0.0,0,0,0,0,0,0,263.6,-24.6
09.01.25 18:30,0.0,0,0,0,0,0,0,264.4,-25.4
09.01.25 18:35,0.0,0,0,0,0,0,0,265.3,-26.2
09.01.25 18:40,0.0,0,0,0,0,0,0,266.2,-27.1
09.01.25 18:45,0.0,0,0,0,0,0,0,267.1,-27.9
09.01.25 18:50,0.0,0,0,0,0,0,0,268,-28.8
09.01.25 18:55,0.0,0,0,0,0,0,0,268.9,-29.6
09.01.25 19:00,0.0,0,0,0,0,0,0,269.8,-30.5
09.01.25 19:05,0.0,0,0,0,0,0,0,270.7,-31.3
09.01.25 19:10,0.0,0,0,0,0,0,0,271.7,-32.2
09.01.25 19:15,0.0,0,0,0,0,0,0,272.6,-33
09.01.25 19:20,0.0,0,0,0,0,0,0,273.6,-33.9
09.01.25 19:25,0.0,0,0,0,0,0,0,274.5,-34.7
09.01.25 19:30,0.0,0,0,0,0,0,0,275.5,-35.6
09.01.25 19:35,0.0,0,0,0,0,0,0,276.5,-36.4
09.01.25 19:40,0.0,0,0,0,0,0,0,277.5,-37.2
09.01.25 19:45,0.0,0,0,0,0,0,0,278.5,-38.1
09.01.25 19:50,0.0,0,0,0,0,0,0,279.5,-38.9
09.01.25 19:55,0.0,0,0,0,0,0,0,280.5,-39.7
09.01.25 20:00,0.0,0,0,0,0,0,0,281.6,-40.6
09.01.25 20:05,0.0,0,0,0,0,0,0,282.7,-41.4
09.01.25 20:10,0.0,0,0,0,0,0,0,283.8,-42.2
09.01.25 20:15,0.0,0,0,0,0,0,0,284.9,-43.1
09.01.25 20:20,0.0,0,0,0,0,0,0,286,-43.9
09.01.25 20:25,0.0,0,0,0,0,0,0,287.2,-44.7
09.01.25 20:30,0.0,0,0,0,0,0,0,288.3,-45.5
09.01.25 20:35,0.0,0,0,0,0,0,0,289.5,-46.3
09.01.25 20:40,0.0,0,0,0,0,0,0,290.8,-47.1
09.01.25 20:45,0.0,0,0,0,0,0,0,292,-47.9
09.01.25 20:50,0.0,0,0,0,0,0,0,293.3,-48.7
09.01.25 20:55,0.0,0,0,0,0,0,0,294.6,-49.4
09.01.25 21:00,0.0,0,0,0,0,0,0,296,-50.2
09.01.25 21:05,0.0,0,0,0,0,0,0,297.3,-51
09.01.25 21:10,0.0,0,0,0,0,0,0,298.8,-51.7
09.01.25 21:15,0.0,0,0,0,0,0,0,300.2,-52.4
09.01.25 21:20,0.0,0,0,0,0,0,0,301.7,-53.2
09.01.25 21:25,0.0,0,0,0,0,0,0,303.2,-53.9
09.01.25 21:30,0.0,0,0,0,0,0,0,304.8,-54.6
09.01.25 21:35,0.0,0,0,0,0,0,0,306.4,-55.3
09.01.25 21:40,0.0,0,0,0,0,0,0,308.1,-56
09.01.25 21:45,0.0,0,0,0,0,0,0,309.8,-56.6
09.01.25 21:50,0.0,0,0,0,0,0,0,311.6,-57.3
09.01.25 21:55,0.0,0,0,0,0,0,0,313.4,-57.9
09.01.25 22:00,0.0,0,0,0,0,0,0,315.3,-58.5
09.01.25 22:05,0.0,0,0,0,0,0,0,317.2,-59.1
09.01.25 22:10,0.0,0,0,0,0,0,0,319.2,-59.6
09.01.25 22:15,0.0,0,0,0,0,0,0,321.3,-60.2
09.01.25 22:20,0.0,0,0,0,0,0,0,323.4,-60.7
09.01.25 22:25,0.0,0,0,0,0,0,0,325.5,-61.2
09.01.25 22:30,0.0,0,0,0,0,0,0,327.7,-61.7
09.01.25 22:35,0.0,0,0,0,0,0,0,330,-62.1
09.01.25 22:40,0.0,0,0,0,0,0,0,332.3,-62.5
09.01.25 22:45,0.0,0,0,0,0,0,0,334.7,-62.9
09.01.25 22:50,0.0,0,0,0,0,0,0,337.2,-63.2
09.01.25 22:55,0.0,0,0,0,0,0,0,339.7,-63.5
09.01.25 23:00,0.0,0,0,0,0,0,0,342.2,-63.8
09.01.25 23:05,0.0,0,0,0,0,0,0,344.8,-64.1
09.01.25 23:10,0.0,0,0,0,0,0,0,347.4,-64.3
09.01.25 23:15,0.0,0,0,0,0,0,0,350.1,-64.4
09.01.25 23:20,0.0,0,0,0,0,0,0,352.7,-64.6
09.01.25 23:25,0.0,0,0,0,0,0,0,355.4,-64.6
09.01.25 23:30,0.0,0,0,0,0,0,0,358.1,-64.7
09.01.25 23:35,0.0,0,0,0,0,0,0,0.8,-64.7
09.01.25 23:40,0.0,0,0,0,0,0,0,3.5,-64.7
09.01.25 23:45,0.0,0,0,0,0,0,0,6.2,-64.6
09.01.25 23:50,0.0,0,0,0,0,0,0,8.9,-64.5
09.01.25 23:55,0.0,0,0,0,0,0,0,11.6,-64.3
10.01.25 00:00,0.0,0,0,0,0,0,0,14.2,-64.1
10.01.25 00:05,0.0,0,0,0,0,0,0,16.8,-63.9
10.01.25 00:10,0.0,0,0,0,0,0,0,19.4,-63.6
10.01.25 00:15,0.0,0,0,0,0,0,0,21.9,-63.3
10.01.25 00:20,0.0,0,0,0,0,0,0,24.3,-63
10.01.25 00:25,0.0,0,0,0,0,0,0,26.7,-62.6
10.01.25 00:30,0.0,0,0,0,0,0,0,29.1,-62.2
10.01.25 00:35,0.0,0,0,0,0,0,0,31.4,-61.8
10.01.25 00:40,0.0,0,0,0,0,0,0,33.6,-61.4
10.01.25 00:45,0.0,0,0,0,0,0,0,35.8,-60.9
10.01.25 00:50,0.0,0,0,0,0,0,0,37.9,-60.4
10.01.25 00:55,0.0,0,0,0,0,0,0,40,-59.8
10.01.25 01:00,0.0,0,0,0,0,0,0,42,-59.3
10.01.25 01:05,0.0,0,0,0,0,0,0,44,-58.7
10.01.25 01:10,0.0,0,0,0,0,0,0,45.8,-58.1
10.01.25 01:15,0.0,0,0,0,0,0,0,47.7,-57.5
10.01.25 01:20,0.0,0,0,0,0,0,0,49.5,-56.8
10.01.25 01:25,0.0,0,0,0,0,0,0,51.2,-56.2
10.01.25 01:30,0.0,0,0,0,0,0,0,52.9,-55.5
10.01.25 01:35,0.0,0,0,0,0,0,0,54.5,-54.8
10.01.25 01:40,0.0,0,0,0,0,0,0,56.1,-54.1
10.01.25 01:45,0.0,0,0,0,0,0,0,57.7,-53.4
10.01.25 01:50,0.0,0,0,0,0,0,0,59.2,-52.7
10.01.25 01:55,0.0,0,0,0,0,0,0,60.7,-52
10.01.25 02:00,0.0,0,0,0,0,0,0,62.1,-51.2
10.01.25 02:05,0.0,0,0,0,0,0,0,63.5,-50.5
10.01.25 02:10,0.0,0,0,0,0,0,0,64.8,-49.7
10.01.25 02:15,0.0,0,0,0,0,0,0,66.2,-48.9
10.01.25 02:20,0.0,0,0,0,0,0,0,67.5,-48.2
10.01.25 02:25,0.0,0,0,0,0,0,0,68.7,-47.4
10.01.25 02:30,0.0,0,0,0,0,0,0,70,-46.6
10.01.25 02:35,0.0,0,0,0,0,0,0,71.2,-45.8
10.01.25 02:40,0.0,0,0,0,0,0,0,72.4,-45
10.01.25 02:45,0.0,0,0,0,0,0,0,73.5,-44.2
10.01.25 02:50,0.0,0,0,0,0,0,0,74.7,-43.3
10.01.25 02:55,0.0,0,0,0,0,0,0,75.8,-42.5
10.01.25 03:00,0.0,0,0,0,0,0,0,76.9,-41.7
10.01.25 03:05,0.0,0,0,0,0,0,0,78,-40.9
10.01.25 03:10,0.0,0,0,0,0,0,0,79,-40
10.01.25 03:15,0.0,0,0,0,0,0,0,80.1,-39.2
10.01.25 03:20,0.0,0,0,0,0,0,0,81.1,-38.4
10.01.25 03:25,0.0,0,0,0,0,0,0,82.1,-37.5
10.01.25 03:30,0.0,0,0,0,0,0,0,83.1,-36.7
10.01.25 03:35,0.0,0,0,0,0,0,0,84.1,-35.8
10.01.25 03:40,0.0,0,0,0,0,0,0,85.1,-35
10.01.25 03:45,0.0,0,0,0,0,0,0,86,-34.2
10.01.25 03:50,0.0,0,0,0,0,0,0,87,-33.3
10.01.25 03:55,0.0,0,0,0,0,0,0,87.9,-32.5
10.01.25 04:00,0.0,0,0,0,0,0,0,88.9,-31.6
10.01.25 04:05,0.0,0,0,0,0,0,0,89.8,-30.8
10.01.25 04:10,0.0,0,0,0,0,0,0,90.7,-29.9
10.01.25 04:15,0.0,0,0,0,0,0,0,91.6,-29.1
10.01.25 04:20,0.0,0,0,0,0,0,0,92.5,-28.2
10.01.25 04:25,0.0,0,0,0,0,0,0,93.4,-27.4
10.01.25 04:30,0.0,0,0,0,0,0,0,94.3,-26.5
10.01.25 04:35,0.0,0,0,0,0,0,0,95.2,-25.7
10.01.25 04:40,0.0,0,0,0,0,0,0,96,-24.8
10.01.25 04:45,0.0,0,0,0,0,0,0,96.9,-24
10.01.25 04:50,0.0,0,0,0,0,0,0,97.8,-23.1
10.01.25 04:55,0.0,0,0,0,0,0,0,98.7,-22.3
10.01.25 05:00,0.0,0,0,0,0,0,0,99.5,-21.5
10.01.25 05:05,0.0,0,0,0,0,0,0,100.4,-20.6
10.01.25 05:10,0.0,0,0,0,0,0,0,101.2,-19.8
10.01.25 05:15,0.0,0,0,0,0,0,0,102.1,-19
10.01.25 05:20,0.0,0,0,0,0,0,0,103,-18.1
10.01.25 05:25,0.0,0,0,0,0,0,0,103.8,-17.3
10.01.25 05:30,0.0,0,0,0,0,0,0,104.7,-16.5
10.01.25 05:35,0.0,0,0,0,0,0,0,105.5,-15.7
10.01.25 05:40,0.0,0,0,0,0,0,0,106.4,-14.9
10.01.25 05:45,0.0,0,0,0,0,0,0,107.2,-14
10.01.25 05:50,0.0,0,0,0,0,0,0,108.1,-13.2
10.01.25 05:55,0.0,0,0,0,0,0,0,108.9,-12.4
10.01.25 06:00,0.0,0,0,0,0,0,0,109.8,-11.6
10.01.25 06:05,0.0,0,0,0,0,0,0,110.7,-10.8
10.01.25 06:10,0.0,0,0,0,0,0,0,111.5,-10
10.01.25 06:15,0.0,0,0,0,0,0,0,112.4,-9.3
10.01.25 06:20,0.0,0,0,0,0,0,0,113.2,-8.5
10.01.25 06:25,0.0,0,0,0,0,0,0,114.1,-7.7
10.01.25 06:30,0.0,0,0,0,0,0,0,115,-6.9
10.01.25 06:35,0.0,0,0,0,0,0,0,115.9,-6.2
10.01.25 06:40,0.0,0,0,0,0,0,0,116.7,-5.4
10.01.25 06:45,0.0,0,0,0,0,0,0,117.6,-4.6
10.01.25 06:50,0.0,0,0,0,0,0,0,118.5,-3.9
10.01.25 06:55,0.0,0,0,0,0,0,0,119.4,-3.2
10.01.25 07:00,0.0,0,0,0,0,0,0,120.3,-2.4
10.01.25 07:05,0.0,0,0,0,0,0,0,121.2,-1.7
10.01.25 07:10,0.0,0,0,0,0,0,0,122.1,-1
10.01.25 07:15,0.0,0,0,0,2,0,0,123,0.3
10.01.25 07:20,0.0,0,5.2,5.2,6.5,0,0,123.9,0.9
10.01.25 07:25,0.0,0,8.4,8.4,11.1,0,0,124.9,1.5
10.01.25 07:30,0.0,0,15.5,15.5,15.9,0,0,125.8,2.1
10.01.25 07:35,0.0,0,22.2,22.2,21.1,0,0,126.7,2.8
10.01.25 07:40,0.0,0,28.8,28.8,26.8,0,0,127.7,3.4
10.01.25 07:45,0.0,0,34.3,34.3,33.2,0,0,128.6,4.1
10.01.25 07:50,0.0,0,39.5,39.5,40.3,0,0,129.6,4.7
10.01.25 07:55,0.0,0,44.1,44.1,48.1,0,0,130.5,5.3
10.01.25 08:00,0.0,0,47.9,47.9,56.4,0,0,131.5,6
10.01.25 08:05,0.0,0,54.6,54.6,65.2,0,0,132.5,6.6
10.01.25 08:10,0.0,0,61.2,61.2,74.5,0,0,133.5,7.2
10.01.25 08:15,0.0,0,67.6,67.6,84,0,0,134.5,7.8
10.01.25 08:20,0.0,0,73.7,73.7,93.8,0,0,135.5,8.4
10.01.25 08:25,0.0,0,80.4,80.4,103.7,0,0,136.5,9
10.01.25 08:30,0.0,0,86.8,86.8,113.8,0,0,137.5,9.6
10.01.25 08:35,0.1,0,93,93,123.9,0,0,138.5,10.1
10.01.25 08:40,0.1,0,98.8,98.8,134.1,0,0,139.6,10.7
10.01.25 08:45,0.1,0,108.1,108.1,144.2,0,0,140.6,11.2
10.01.25 08:50,0.2,0,117.5,117.5,154.2,0,0,141.7,11.7
10.01.25 08:55,0.2,0,127.1,127.1,164.2,0,0,142.7,12.3
10.01.25 09:00,0.2,0,136.8,136.8,174.1,0,0,143.8,12.8
10.01.25 09:05,0.2,0,135.9,135.9,183.8,0,0,144.9,13.3
10.01.25 09:10,0.4,0,133.9,133.9,193.3,0,0,145.9,13.7
10.01.25 09:15,0.4,0,130.7,130.7,202.6,0,1,147,14.2
10.01.25 09:20,0.5,0,126.6,126.6,211.8,0,1,148.1,14.7
10.01.25 09:25,0.5,0,138.8,138.8,220.7,0,1,149.2,15.1
10.01.25 09:30,0.6,0,151.5,151.5,229.4,0,1,150.4,15.5
10.01.25 09:35,0.7,0,164.6,164.6,237.8,0,1,151.5,15.9
10.01.25 09:40,0.8,0,178,178,245.9,0,1,152.6,16.3
10.01.25 09:45,0.8,0,173.4,173.4,253.8,0,1,153.8,16.7
10.01.25 09:50,0.8,0,168.1,168.1,261.4,0,1,154.9,17.1
10.01.25 09:55,0.9,0,161.9,161.9,268.6,0,1,156.1,17.4
10.01.25 10:00,0.9,0,154.8,154.8,275.6,0,1,157.2,17.8
10.01.25 10:05,1.1,0,172.8,172.8,282.2,0,1,158.4,18.1
10.01.25 10:10,1.2,0,191.3,191.3,288.6,0,1,159.6,18.4
10.01.25 10:15,1.3,0,210.2,210.2,294.6,0,1,160.8,18.7
10.01.25 10:20,1.3,0,229.5,229.5,300.2,0,1,162,18.9
10.01.25 10:25,1.2,0,233.9,233.9,305.5,0,1,163.2,19.2
10.01.25 10:30,1.3,0,238.1,238.1,310.5,0,1,164.4,19.4
10.01.25 10:35,1.6,0,242,242,315.1,0,1,165.6,19.7
10.01.25 10:40,1.9,0,245.6,245.6,319.3,0,1,166.8,19.9
10.01.25 10:45,1.8,0,245.1,245.1,323.2,0,1,168,20
10.01.25 10:50,1.6,0,244.2,244.2,326.7,0,1,169.2,20.2
10.01.25 10:55,1.6,0,242.9,242.9,329.9,0,1,170.4,20.4
10.01.25 11:00,1.5,0,241.3,241.3,332.6,0,1,171.7,20.5
10.01.25 11:05,1.4,0,227.4,227.4,335,0,1,172.9,20.6
10.01.25 11:10,1.3,0,213,213,337,0,1,174.1,20.7
10.01.25 11:15,1.2,0,198.1,198.1,338.7,0,1,175.4,20.8
10.01.25 11:20,1.1,0,182.9,182.9,339.9,0,1,176.6,20.8
10.01.25 11:25,1.0,0,178.6,178.6,340.8,0,1,177.9,20.9
10.01.25 11:30,1.1,0,174.1,174.1,341.3,0,1,179.1,20.9
10.01.25 11:35,0.8,0,169.3,169.3,341.4,0,1,180.3,20.9
10.01.25 11:40,1.4,0,164.4,164.4,341.1,0,1,181.6,20.9
10.01.25 11:45,1.6,0,160.8,160.8,340.4,0,1,182.8,20.9
10.01.25 11:50,1.6,0,157,157,339.4,0,1,184.1,20.8
10.01.25 11:55,1.5,0,153.1,153.1,337.9,0,1,185.3,20.7
10.01.25 12:00,1.6,0,149,149,336.1,0,1,186.5,20.7
10.01.25 12:05,1.6,0,152.4,152.4,333.9,0,1,187.8,20.6
10.01.25 12:10,1.6,0,155.6,155.6,331.4,0,1,189,20.4
10.01.25 12:15,1.6,0,158.6,158.6,328.4,0,1,190.2,20.3
10.01.25 12:20,1.6,0,161.3,161.3,325.1,0,1,191.4,20.1
10.01.25 12:25,1.7,0,157.8,157.8,321.4,0,1,192.7,20
10.01.25 12:30,,0,154.1,154.1,317.4,0,1,193.9,19.8
10.01.25 12:35,,0,150.2,150.2,312.9,0,1,195.1,19.5
10.01.25 12:40,,0,146.3,146.3,308.2,0,1,196.3,19.3
10.01.25 12:45,,0,142.9,142.9,303,0,1,197.5,19.1
10.01.25 12:50,,0,139.3,139.3,297.6,0,1,198.7,18.8
10.01.25 12:55,,0,135.6,135.6,291.7,0,1,199.9,18.5
10.01.25 13:00,,0,131.8,131.8,285.6,0,1,201.1,18.2
10.01.25 13:05,,0,126,126,279.1,0,1,202.2,17.9
10.01.25 13:10,,0,120.3,120.3,272.3,0,1,203.4,17.6
10.01.25 13:15,,0,114.5,114.5,265.2,0,1,204.6,17.3
10.01.25 13:20,,0,108.7,108.7,257.8,0,1,205.7,16.9
10.01.25 13:25,,0,106.7,106.7,250,0,1,206.9,16.5
10.01.25 13:30,,0,104.4,104.4,242,0,0,208,16.1
10.01.25 13:35,,0,101.9,101.9,233.8,0,0,209.1,15.7
10.01.25 13:40,,0,99.3,99.3,225.2,0,0,210.2,15.3
10.01.25 13:45,,0,94.7,94.7,216.4,0,0,211.4,14.9
10.01.25 13:50,,0,90,90,207.4,0,0,212.5,14.4
10.01.25 13:55,,0,85.3,85.3,198.2,0,0,213.6,14
10.01.25 14:00,,0,80.6,80.6,188.8,0,0,214.7,13.5
10.01.25 14:05,,0,75.9,75.9,179.1,0,0,215.7,13
10.01.25 14:10,,0,71.2,71.2,169.4,0,0,216.8,12.5
10.01.25 14:15,,0,66.5,66.5,159.5,0,0,217.9,12
10.01.25 14:20,,0,61.8,61.8,149.4,0,0,218.9,11.5
10.01.25 14:25,,0,59.1,59.1,139.4,0,0,220,11
10.01.25 14:30,,0,56.2,56.2,129.2,0,0,221,10.4
10.01.25 14:35,,0,53,53,119.1,0,0,222,9.8
10.01.25 14:40,,0,49.6,49.6,109,0,0,223.1,9.3
10.01.25 14:45,,0,43.9,43.9,98.9,0,0,224.1,8.7
10.01.25 14:50,,0,38.5,38.5,89.1,0,0,225.1,8.1
10.01.25 14:55,,0,33.3,33.3,79.4,0,0,226.1,7.5
10.01.25 15:00,,0,28.5,28.5,70,0,0,227.1,6.9
10.01.25 15:05,,0,24.6,24.6,61,0,0,228.1,6.3
10.01.25 15:10,,0,20.9,20.9,52.4,0,0,229,5.7
10.01.25 15:15,,0,17.5,17.5,44.3,0,0,230,5
10.01.25 15:20,,0,14.4,14.4,36.9,0,0,231,4.4
10.01.25 15:25,,0,11.5,11.5,30.1,0,0,231.9,3.8
10.01.25 15:30,,0,8.9,8.9,24,0,0,232.9,3.1
10.01.25 15:35,,0,6.7,6.7,18.6,0,0,233.8,2.5
10.01.25 15:40,,0,4.6,4.6,13.6,0,0,234.7,1.8
10.01.25 15:45,,0,3.4,3.4,8.9,0,0,235.7,1.2
10.01.25 15:50,,0,2.3,2.3,4.3,0,0,236.6,0.6
10.01.25 15:55,,0,1.1,1.1,0,0,0,237.5,-0.6
10.01.25 16:00,,0,0,0,0,0,0,238.4,-1.3
10.01.25 16:05,,0,0,0,0,0,0,239.3,-2
10.01.25 16:10,,0,0,0,0,0,0,240.2,-2.8
10.01.25 16:15,,0,0,0,0,0,0,241.1,-3.5
10.01.25 16:20,,0,0,0,0,0,0,242,-4.2
10.01.25 16:25,,0,0,0,0,0,0,242.9,-5
10.01.25 16:30,,0,0,0,0,0,0,243.8,-5.8
10.01.25 16:35,,0,0,0,0,0,0,244.7,-6.5
10.01.25 16:40,,0,0,0,0,0,0,245.5,-7.3
10.01.25 16:45,,0,0,0,0,0,0,246.4,-8.1
10.01.25 16:50,,0,0,0,0,0,0,247.3,-8.8
10.01.25 16:55,,0,0,0,0,0,0,248.1,-9.6
10.01.25 17:00,,0,0,0,0,0,0,249,-10.4
10.01.25 17:05,,0,0,0,0,0,0,249.9,-11.2
10.01.25 17:10,,0,0,0,0,0,0,250.7,-12
10.01.25 17:15,,0,0,0,0,0,0,251.6,-12.8
10.01.25 17:20,,0,0,0,0,0,0,252.4,-13.6
10.01.25 17:25,,0,0,0,0,0,0,253.3,-14.4
10.01.25 17:30,,0,0,0,0,0,0,254.1,-15.2
10.01.25 17:35,,0,0,0,0,0,0,255,-16.1
10.01.25 17:40,,0,0,0,0,0,0,255.9,-16.9
10.01.25 17:45,,0,0,0,0,0,0,256.7,-17.7
10.01.25 17:50,,0,0,0,0,0,0,257.6,-18.5
10.01.25 17:55,,0,0,0,0,0,0,258.4,-19.4
10.01.25 18:00,,0,0,0,0,0,0,259.3,-20.2
10.01.25 18:05,,0,0,0,0,0,0,260.1,-21
10.01.25 18:10,,0,0,0,0,0,0,261,-21.9
10.01.25 18:15,,0,0,0,0,0,0,261.9,-22.7
10.01.25 18:20,,0,0,0,0,0,0,262.7,-23.5
10.01.25 18:25,,0,0,0,0,0,0,263.6,-24.4
10.01.25 18:30,,0,0,0,0,0,0,264.5,-25.2
10.01.25 18:35,,0,0,0,0,0,0,265.4,-26.1
10.01.25 18:40,,0,0,0,0,0,0,266.3,-26.9
10.01.25 18:45,,0,0,0,0,0,0,267.2,-27.8
10.01.25 18:50,,0,0,0,0,0,0,268.1,-28.6
10.01.25 18:55,,0,0,0,0,0,0,269,-29.5
10.01.25 19:00,,0,0,0,0,0,0,269.9,-30.3
10.01.25 19:05,,0,0,0,0,0,0,270.8,-31.1
10.01.25 19:10,,0,0,0,0,0,0,271.7,-32
10.01.25 19:15,,0,0,0,0,0,0,272.7,-32.8
10.01.25 19:20,,0,0,0,0,0,0,273.6,-33.7
10.01.25 19:25,,0,0,0,0,0,0,274.6,-34.5
10.01.25 19:30,,0,0,0,0,0,0,275.5,-35.4
10.01.25 19:35,,0,0,0,0,0,0,276.5,-36.2
10.01.25 19:40,,0,0,0,0,0,0,277.5,-37.1
10.01.25 19:45,,0,0,0,0,0,0,278.5,-37.9
10.01.25 19:50,,0,0,0,0,0,0,279.6,-38.7
10.01.25 19:55,,0,0,0,0,0,0,280.6,-39.6
10.01.25 20:00,,0,0,0,0,0,0,281.6,-40.4
10.01.25 20:05,,0,0,0,0,0,0,282.7,-41.2
10.01.25 20:10,,0,0,0,0,0,0,283.8,-42.1
10.01.25 20:15,,0,0,0,0,0,0,284.9,-42.9
10.01.25 20:20,,0,0,0,0,0,0,286.1,-43.7
10.01.25 20:25,,0,0,0,0,0,0,287.2,-44.5
10.01.25 20:30,,0,0,0,0,0,0,288.4,-45.3
10.01.25 20:35,,0,0,0,0,0,0,289.6,-46.1
10.01.25 20:40,,0,0,0,0,0,0,290.8,-46.9
10.01.25 20:45,,0,0,0,0,0,0,292.1,-47.7
10.01.25 20:50,,0,0,0,0,0,0,293.4,-48.5
10.01.25 20:55,,0,0,0,0,0,0,294.7,-49.3
10.01.25 21:00,,0,0,0,0,0,0,296,-50
10.01.25 21:05,,0,0,0,0,0,0,297.4,-50.8
10.01.25 21:10,,0,0,0,0,0,0,298.8,-51.5
10.01.25 21:15,,0,0,0,0,0,0,300.3,-52.3
10.01.25 21:20,,0,0,0,0,0,0,301.7,-53
10.01.25 21:25,,0,0,0,0,0,0,303.3,-53.7
10.01.25 21:30,,0,0,0,0,0,0,304.9,-54.4
10.01.25 21:35,,0,0,0,0,0,0,306.5,-55.1
10.01.25 21:40,,0,0,0,0,0,0,308.1,-55.8
10.01.25 21:45,,0,0,0,0,0,0,309.8,-56.4
10.01.25 21:50,,0,0,0,0,0,0,311.6,-57.1
10.01.25 21:55,,0,0,0,0,0,0,313.4,-57.7
10.01.25 22:00,,0,0,0,0,0,0,315.3,-58.3
10.01.25 22:05,,0,0,0,0,0,0,317.2,-58.9
10.01.25 22:10,,0,0,0,0,0,0,319.2,-59.5
10.01.25 22:15,,0,0,0,0,0,0,321.2,-60
10.01.25 22:20,,0,0,0,0,0,0,323.3,-60.5
10.01.25 22:25,,0,0,0,0,0,0,325.5,-61
10.01.25 22:30,,0,0,0,0,0,0,327.7,-61.5
10.01.25 22:35,,0,0,0,0,0,0,329.9,-61.9
10.01.25 22:40,,0,0,0,0,0,0,332.3,-62.3
10.01.25 22:45,,0,0,0,0,0,0,334.6,-62.7
10.01.25 22:50,,0,0,0,0,0,0,337.1,-63.1
10.01.25 22:55,,0,0,0,0,0,0,339.6,-63.4
10.01.25 23:00,,0,0,0,0,0,0,342.1,-63.6
10.01.25 23:05,,0,0,0,0,0,0,344.6,-63.9
10.01.25 23:10,,0,0,0,0,0,0,347.2,-64.1
10.01.25 23:15,,0,0,0,0,0,0,349.9,-64.3
10.01.25 23:20,,0,0,0,0,0,0,352.5,-64.4
10.01.25 23:25,,0,0,0,0,0,0,355.2,-64.5
10.01.25 23:30,,0,0,0,0,0,0,357.9,-64.5
10.01.25 23:35,,0,0,0,0,0,0,0.6,-64.5
10.01.25 23:40,,0,0,0,0,0,0,3.3,-64.5
10.01.25 23:45,,0,0,0,0,0,0,6,-64.4
10.01.25 23:50,,0,0,0,0,0,0,8.7,-64.3
10.01.25 23:55,,0,0,0,0,0,0,11.3,-64.2
11.01.25 00:00,,0,0,0,0,0,0,13.9,-64
11.01.25 00:05,,0,0,0,0,0,0,16.5,-63.8
11.01.25 00:10,,0,0,0,0,0,0,19.1,-63.5
11.01.25 00:15,,0,0,0,0,0,0,21.6,-63.2
11.01.25 00:20,,0,0,0,0,0,0,24,-62.9
11.01.25 00:25,,0,0,0,0,0,0,26.4,-62.5
11.01.25 00:30,,0,0,0,0,0,0,28.8,-62.1
11.01.25 00:35,,0,0,0,0,0,0,31.1,-61.7
11.01.25 00:40,,0,0,0,0,0,0,33.3,-61.3
11.01.25 00:45,,0,0,0,0,0,0,35.5,-60.8
11.01.25 00:50,,0,0,0,0,0,0,37.6,-60.3
11.01.25 00:55,,0,0,0,0,0,0,39.7,-59.7
11.01.25 01:00,,0,0,0,0,0,0,41.7,-59.2
11.01.25 01:05,,0,0,0,0,0,0,43.7,-58.6
11.01.25 01:10,,0,0,0,0,0,0,45.5,-58
11.01.25 01:15,,0,0,0,0,0,0,47.4,-57.4
11.01.25 01:20,,0,0,0,0,0,0,49.2,-56.8
11.01.25 01:25,,0,0,0,0,0,0,50.9,-56.1
11.01.25 01:30,,0,0,0,0,0,0,52.6,-55.5
11.01.25 01:35,,0,0,0,0,0,0,54.2,-54.8
11.01.25 01:40,,0,0,0,0,0,0,55.8,-54.1
11.01.25 01:45,,0,0,0,0,0,0,57.4,-53.4
11.01.25 01:50,,0,0,0,0,0,0,58.9,-52.6
11.01.25 01:55,,0,0,0,0,0,0,60.4,-51.9
11.01.25 02:00,,0,0,0,0,0,0,61.8,-51.2
11.01.25 02:05,,0,0,0,0,0,0,63.2,-50.4
11.01.25 02:10,,0,0,0,0,0,0,64.6,-49.7
11.01.25 02:15,,0,0,0,0,0,0,65.9,-48.9
11.01.25 02:20,,0,0,0,0,0,0,67.2,-48.1
11.01.25 02:25,,0,0,0,0,0,0,68.5,-47.3
11.01.25 02:30,,0,0,0,0,0,0,69.7,-46.5
11.01.25 02:35,,0,0,0,0,0,0,70.9,-45.7
11.01.25 02:40,,0,0,0,0,0,0,72.1,-44.9
11.01.25 02:45,,0,0,0,0,0,0,73.3,-44.1
11.01.25 02:50,,0,0,0,0,0,0,74.4,-43.3
11.01.25 02:55,,0,0,0,0,0,0,75.5,-42.5
11.01.25 03:00,,0,0,0,0,0,0,76.6,-41.7
11.01.25 03:05,,0,0,0,0,0,0,77.7,-40.8
11.01.25 03:10,,0,0,0,0,0,0,78.8,-40
11.01.25 03:15,,0,0,0,0,0,0,79.8,-39.2
11.01.25 03:20,,0,0,0,0,0,0,80.9,-38.3
11.01.25 03:25,,0,0,0,0,0,0,81.9,-37.5
11.01.25 03:30,,0,0,0,0,0,0,82.9,-36.6
11.01.25 03:35,,0,0,0,0,0,0,83.9,-35.8
11.01.25 03:40,,0,0,0,0,0,0,84.9,-35
11.01.25 03:45,,0,0,0,0,0,0,85.8,-34.1
11.01.25 03:50,,0,0,0,0,0,0,86.8,-33.3
11.01.25 03:55,,0,0,0,0,0,0,87.7,-32.4
11.01.25 04:00,,0,0,0,0,0,0,88.7,-31.6
11.01.25 04:05,,0,0,0,0,0,0,89.6,-30.7
11.01.25 04:10,,0,0,0,0,0,0,90.5,-29.9
11.01.25 04:15,,0,0,0,0,0,0,91.4,-29
11.01.25 04:20,,0,0,0,0,0,0,92.3,-28.2
11.01.25 04:25,,0,0,0,0,0,0,93.2,-27.3
11.01.25 04:30,,0,0,0,0,0,0,94.1,-26.5
11.01.25 04:35,,0,0,0,0,0,0,95,-25.6
11.01.25 04:40,,0,0,0,0,0,0,95.9,-24.8
11.01.25 04:45,,0,0,0,0,0,0,96.7,-23.9
11.01.25 04:50,,0,0,0,0,0,0,97.6,-23.1
11.01.25 04:55,,0,0,0,0,0,0,98.5,-22.3
11.01.25 05:00,,0,0,0,0,0,0,99.3,-21.4
11.01.25 05:05,,0,0,0,0,0,0,100.2,-20.6
11.01.25 05:10,,0,0,0,0,0,0,101.1,-19.8
11.01.25 05:15,,0,0,0,0,0,0,101.9,-18.9
11.01.25 05:20,,0,0,0,0,0,0,102.8,-18.1
11.01.25 05:25,,0,0,0,0,0,0,103.6,-17.3
11.01.25 05:30,,0,0,0,0,0,0,104.5,-16.4
11.01.25 05:35,,0,0,0,0,0,0,105.3,-15.6
11.01.25 05:40,,0,0,0,0,0,0,106.2,-14.8
11.01.25 05:45,,0,0,0,0,0,0,107,-14
11.01.25 05:50,,0,0,0,0,0,0,107.9,-13.2
11.01.25 05:55,,0,0,0,0,0,0,108.8,-12.4
11.01.25 06:00,,0,0,0,0,0,0,109.6,-11.6
11.01.25 06:05,,0,0,0,0,0,0,110.5,-10.8
11.01.25 06:10,,0,0,0,0,0,0,111.3,-10
11.01.25 06:15,,0,0,0,0,0,0,112.2,-9.2
11.01.25 06:20,,0,0,0,0,0,0,113.1,-8.4
11.01.25 06:25,,0,0,0,0,0,0,113.9,-7.6
11.01.25 06:30,,0,0,0,0,0,0,114.8,-6.9
11.01.25 06:35,,0,0,0,0,0,0,115.7,-6.1
11.01.25 06:40,,0,0,0,0,0,0,116.6,-5.3
11.01.25 06:45,,0,0,0,0,0,0,117.5,-4.6
11.01.25 06:50,,0,0,0,0,0,0,118.3,-3.8
11.01.25 06:55,,0,0,0,0,0,0,119.2,-3.1
11.01.25 07:00,,0,0,0,0,0,0,120.1,-2.4
11.01.25 07:05,,0,0,0,0,0,0,121,-1.6
11.01.25 07:10,,0,0,0,0,0,0,121.9,-0.9
11.01.25 07:15,,0,0,0,2.4,1,0,122.9,0.3
11.01.25 07:20,,0,1.4,1.4,6.9,2,0,123.8,0.9
11.01.25 07:25,,0,2.4,2.4,11.6,3,0,124.7,1.6
11.01.25 07:30,,0,4.3,4.3,16.4,4,0,125.6,2.2
11.01.25 07:35,,18.8,6.3,25,21.7,5,0,126.6,2.9
11.01.25 07:40,,28.1,9.4,37.4,27.5,6,0,127.5,3.5
11.01.25 07:45,,32,10.7,42.6,34,7,0,128.5,4.1
11.01.25 07:50,,39.7,13.2,52.9,41.2,7,0,129.4,4.8
11.01.25 07:55,,48.2,16.1,64.2,49.1,8,0,130.4,5.4
11.01.25 08:00,,58.7,19.6,78.2,57.5,9,0,131.4,6
11.01.25 08:05,,64.4,21.5,85.9,66.4,10,0,132.3,6.7
11.01.25 08:10,,71.1,23.7,94.8,75.7,11,0,133.3,7.3
11.01.25 08:15,,77.3,25.8,103.1,85.3,12,0,134.3,7.9
11.01.25 08:20,,83,27.7,110.6,95.2,13,0,135.3,8.5
11.01.25 08:25,,91.2,30.4,121.6,105.2,14,0,136.3,9.1
11.01.25 08:30,,99.4,33.1,132.5,115.4,15,0,137.3,9.6
11.01.25 08:35,,107.4,35.8,143.2,125.6,16,0,138.4,10.2
11.01.25 08:40,,115.2,38.4,153.6,135.8,17,0,139.4,10.8
11.01.25 08:45,,123.2,41.1,164.3,146,18,0,140.5,11.3
11.01.25 08:50,,131.1,43.7,174.8,156.1,19,0,141.5,11.8
11.01.25 08:55,,138.7,46.2,184.9,166.1,20,0,142.6,12.4
11.01.25 09:00,,146,48.7,194.7,176,21,0,143.6,12.9
11.01.25 09:05,,153.5,51.2,204.7,185.8,22,0,144.7,13.4
11.01.25 09:10,,160.7,53.6,214.4,195.4,23,0,145.8,13.8
11.01.25 09:15,,167.7,56,223.7,204.8,24,0,146.9,14.3
11.01.25 09:20,,174.3,58.3,232.6,213.9,25,0,148,14.8
11.01.25 09:25,,178,63.5,241.6,222.9,25,0,149.1,15.2
11.01.25 09:30,,181.3,68.9,250.2,231.6,26,0,150.2,15.6
11.01.25 09:35,,184,74.4,258.4,240.1,27,0,151.3,16
11.01.25 09:40,,186.3,80,266.2,248.3,28,0,152.5,16.4
11.01.25 09:45,,177.6,93.2,270.8,256.2,28,0,153.6,16.8
11.01.25 09:50,,168.2,106.6,274.8,263.8,28,0,154.8,17.2
11.01.25 09:55,,158.1,120,278.2,271.1,28,0,155.9,17.5
11.01.25 10:00,,147.4,133.5,281,278.1,29,0,157.1,17.9
11.01.25 10:05,,164.2,126.7,290.9,284.8,30,0,158.3,18.2
11.01.25 10:10,,181.7,118.9,300.6,291.2,32,1,159.4,18.5
11.01.25 10:15,,199.8,110.3,310.1,297.2,33,1,160.6,18.8
11.01.25 10:20,,218.5,100.9,319.4,302.9,35,1,161.8,19.1
11.01.25 10:25,,223.4,101.2,324.5,308.3,36,1,163,19.3
11.01.25 10:30,,228,101.3,329.3,313.3,37,1,164.2,19.6
11.01.25 10:35,,232.4,101.2,333.6,317.9,37,1,165.4,19.8
11.01.25 10:40,,236.6,101,337.6,322.2,38,1,166.7,20
11.01.25 10:45,,241.8,99.6,341.4,326.1,39,1,167.9,20.2
11.01.25 10:50,,246.7,98,344.7,329.7,39,1,169.1,20.3
11.01.25 10:55,,251.4,96.3,347.7,332.9,39,1,170.3,20.5
11.01.25 11:00,,255.9,94.4,350.3,335.7,40,1,171.6,20.6
11.01.25 11:05,,255.1,97.3,352.4,338.1,41,1,172.8,20.8
11.01.25 11:10,,254.1,100.1,354.2,340.1,43,1,174,20.8
11.01.25 11:15,,252.7,102.8,355.5,341.8,44,1,175.3,20.9
11.01.25 11:20,,251,105.4,356.5,343.1,46,1,176.5,21
11.01.25 11:25,,239.5,115.7,355.1,344,46,1,177.7,21
11.01.25 11:30,,227.7,125.7,353.4,344.5,46,1,179,21.1
11.01.25 11:35,,215.8,135.4,351.2,344.6,47,1,180.2,21.1
11.01.25 11:40,,203.8,144.8,348.6,344.4,47,1,181.5,21.1
11.01.25 11:45,,192.7,152.4,345.1,343.7,47,1,182.7,21
11.01.25 11:50,,181.7,159.6,341.2,342.7,47,1,184,21
11.01.25 11:55,,170.6,166.4,337,341.3,47,1,185.2,20.9
11.01.25 12:00,,159.6,172.8,332.4,339.5,47,1,186.4,20.8
11.01.25 12:05,,158,173.4,331.4,337.4,49,1,187.7,20.7
11.01.25 12:10,,156.1,173.8,330,334.8,50,1,188.9,20.6
11.01.25 12:15,,154.1,174,328.1,331.9,51,1,190.1,20.5
11.01.25 12:20,,152,174,325.9,328.6,53,1,191.4,20.3
11.01.25 12:25,,160.6,165.6,326.1,324.9,54,1,192.6,20.1
11.01.25 12:30,,168.9,157,325.9,320.9,54,1,193.8,19.9
11.01.25 12:35,,177,148.1,325.2,316.5,55,1,195,19.7
11.01.25 12:40,,184.8,139.1,323.9,311.7,56,1,196.2,19.5
11.01.25 12:45,,188,130.8,318.8,306.6,56,1,197.4,19.2
11.01.25 12:50,,190.8,122.6,313.4,301.2,56,1,198.6,19
11.01.25 12:55,,193.1,114.4,307.5,295.4,57,1,199.8,18.7
11.01.25 13:00,,195,106.3,301.3,289.2,57,1,201,18.4
11.01.25 13:05,,193.4,101.7,295,282.7,59,1,202.2,18.1
11.01.25 13:10,,191.4,97.1,288.4,275.9,60,1,203.4,17.8
11.01.25 13:15,,189,92.4,281.5,268.8,62,1,204.5,17.4
11.01.25 13:20,,186.3,87.8,274.2,261.4,63,1,205.7,17.1
11.01.25 13:25,,185.8,81.9,267.7,253.7,64,1,206.8,16.7
11.01.25 13:30,,184.8,76.1,260.9,245.7,65,1,208,16.3
11.01.25 13:35,,183.4,70.3,253.7,237.4,66,1,209.1,15.9
11.01.25 13:40,,181.4,64.6,246,228.9,67,1,210.2,15.5
11.01.25 13:45,,175.8,61.6,237.4,220.1,67,0,211.3,15.1
11.01.25 13:50,,169.9,58.6,228.4,211,68,0,212.4,14.6
11.01.25 13:55,,163.7,55.5,219.1,201.8,68,0,213.5,14.2
11.01.25 14:00,,157.2,52.4,209.6,192.3,68,0,214.6,13.7
11.01.25 14:05,,150,50,200,182.7,70,0,215.7,13.2
11.01.25 14:10,,142.6,47.5,190.1,172.9,72,0,216.8,12.7
11.01.25 14:15,,135,45,180,162.9,73,0,217.9,12.2
11.01.25 14:20,,127.2,42.4,169.6,152.9,75,0,218.9,11.7
11.01.25 14:25,,119.4,39.8,159.2,142.7,76,0,220,11.1
11.01.25 14:30,,111.5,37.2,148.7,132.5,77,0,221,10.6
11.01.25 14:35,,103.5,34.5,137.9,122.3,78,0,222,10
11.01.25 14:40,,95.3,31.8,127.1,112.1,78,0,223.1,9.5
11.01.25 14:45,,87.2,29.1,116.3,102,79,0,224.1,8.9
11.01.25 14:50,,79,26.3,105.4,92,79,0,225.1,8.3
11.01.25 14:55,,71,23.7,94.6,82.3,80,0,226.1,7.7
11.01.25 15:00,,63,21,84,72.7,80,0,227.1,7.1
11.01.25 15:05,,54.5,18.2,72.7,63.5,81,0,228.1,6.5
11.01.25 15:10,,46.5,15.5,62,54.8,83,0,229,5.8
11.01.25 15:15,,39,13,52,46.5,84,0,230,5.2
11.01.25 15:20,,32.2,10.7,42.9,38.8,86,0,231,4.6
11.01.25 15:25,,23.7,7.9,31.6,31.9,87,0,231.9,3.9
11.01.25 15:30,,0,5.6,5.6,25.6,88,0,232.9,3.3
11.01.25 15:35,,0,3.8,3.8,20,89,0,233.8,2.6
11.01.25 15:40,,0,2.3,2.3,14.9,90,0,234.8,2
11.01.25 15:45,,0,1.8,1.8,10.1,90,0,235.7,1.4
11.01.25 15:50,,0,1.2,1.2,5.5,91,0,236.6,0.7
11.01.25 15:55,,0,0.6,0.6,1,91,0,237.5,0.1
11.01.25 16:00,,0,0,0,0,91,0,238.4,-1.1
11.01.25 16:05,,0,0,0,0,91,0,239.3,-1.9
11.01.25 16:10,,0,0,0,0,92,0,240.2,-2.6
11.01.25 16:15,,0,0,0,0,92,0,241.1,-3.3
11.01.25 16:20,,0,0,0,0,93,0,242,-4.1
11.01.25 16:25,,0,0,0,0,93,0,242.9,-4.8
11.01.25 16:30,,0,0,0,0,93,0,243.8,-5.6
11.01.25 16:35,,0,0,0,0,93,0,244.7,-6.3
11.01.25 16:40,,0,0,0,0,93,0,245.6,-7.1
11.01.25 16:45,,0,0,0,0,92,0,246.4,-7.9
11.01.25 16:50,,0,0,0,0,92,0,247.3,-8.7
11.01.25 16:55,,0,0,0,0,91,0,248.2,-9.5
11.01.25 17:00,,0,0,0,0,91,0,249,-10.2
11.01.25 17:05,,0,0,0,0,91,0,249.9,-11
11.01.25 17:10,,0,0,0,0,92,0,250.8,-11.8
11.01.25 17:15,,0,0,0,0,92,0,251.6,-12.6
11.01.25 17:20,,0,0,0,0,93,0,252.5,-13.4
11.01.25 17:25,,0,0,0,0,93,0,253.3,-14.3
11.01.25 17:30,,0,0,0,0,93,0,254.2,-15.1
11.01.25 17:35,,0,0,0,0,93,0,255,-15.9
11.01.25 17:40,,0,0,0,0,93,0,255.9,-16.7
11.01.25 17:45,,0,0,0,0,92,0,256.8,-17.5
11.01.25 17:50,,0,0,0,0,92,0,257.6,-18.4
11.01.25 17:55,,0,0,0,0,91,0,258.5,-19.2
11.01.25 18:00,,0,0,0,0,91,0,259.3,-20
11.01.25 18:05,,0,0,0,0,91,0,260.2,-20.8
11.01.25 18:10,,0,0,0,0,92,0,261.1,-21.7
11.01.25 18:15,,0,0,0,0,92,0,261.9,-22.5
11.01.25 18:20,,0,0,0,0,93,0,262.8,-23.4
11.01.25 18:25,,0,0,0,0,93,0,263.7,-24.2
11.01.25 18:30,,0,0,0,0,93,0,264.6,-25
11.01.25 18:35,,0,0,0,0,93,0,265.4,-25.9
11.01.25 18:40,,0,0,0,0,93,0,266.3,-26.7
11.01.25 18:45,,0,0,0,0,92,0,267.2,-27.6
11.01.25 18:50,,0,0,0,0,92,0,268.1,-28.4
11.01.25 18:55,,0,0,0,0,91,0,269,-29.3
11.01.25 19:00,,0,0,0,0,91,0,269.9,-30.1
11.01.25 19:05,,0,0,0,0,91,0,270.9,-31
11.01.25 19:10,,0,0,0,0,92,0,271.8,-31.8
11.01.25 19:15,,0,0,0,0,92,0,272.7,-32.7
11.01.25 19:20,,0,0,0,0,93,0,273.7,-33.5
11.01.25 19:25,,0,0,0,0,93,0,274.6,-34.4
11.01.25 19:30,,0,0,0,0,93,0,275.6,-35.2
11.01.25 19:35,,0,0,0,0,93,0,276.6,-36
11.01.25 19:40,,0,0,0,0,93,0,277.6,-36.9
11.01.25 19:45,,0,0,0,0,92,0,278.6,-37.7
11.01.25 19:50,,0,0,0,0,92,0,279.6,-38.6
11.01.25 19:55,,0,0,0,0,91,0,280.7,-39.4
11.01.25 20:00,,0,0,0,0,91,0,281.7,-40.2
11.01.25 20:05,,0,0,0,0,91,0,282.8,-41.1
11.01.25 20:10,,0,0,0,0,92,0,283.9,-41.9
11.01.25 20:15,,0,0,0,0,92,0,285,-42.7
11.01.25 20:20,,0,0,0,0,93,0,286.1,-43.5
11.01.25 20:25,,0,0,0,0,93,0,287.3,-44.3
11.01.25 20:30,,0,0,0,0,93,0,288.4,-45.1
11.01.25 20:35,,0,0,0,0,93,0,289.6,-45.9
11.01.25 20:40,,0,0,0,0,93,0,290.9,-46.7
11.01.25 20:45,,0,0,0,0,92,0,292.1,-47.5
11.01.25 20:50,,0,0,0,0,92,0,293.4,-48.3
11.01.25 20:55,,0,0,0,0,91,0,294.7,-49.1
11.01.25 21:00,,0,0,0,0,91,0,296.1,-49.8
11.01.25 21:05,,0,0,0,0,91,0,297.4,-50.6
11.01.25 21:10,,0,0,0,0,92,0,298.9,-51.4
11.01.25 21:15,,0,0,0,0,92,0,300.3,-52.1
11.01.25 21:20,,0,0,0,0,93,0,301.8,-52.8
11.01.25 21:25,,0,0,0,0,93,0,303.3,-53.5
11.01.25 21:30,,0,0,0,0,93,0,304.9,-54.2
11.01.25 21:35,,0,0,0,0,93,0,306.5,-54.9
11.01.25 21:40,,0,0,0,0,93,0,308.2,-55.6
11.01.25 21:45,,0,0,0,0,92,0,309.9,-56.3
11.01.25 21:50,,0,0,0,0,92,0,311.6,-56.9
11.01.25 21:55,,0,0,0,0,91,0,313.4,-57.5
11.01.25 22:00,,0,0,0,0,91,0,315.3,-58.1
11.01.25 22:05,,0,0,0,0,91,0,317.2,-58.7
11.01.25 22:10,,0,0,0,0,92,0,319.2,-59.3
11.01.25 22:15,,0,0,0,0,92,0,321.2,-59.8
11.01.25 22:20,,0,0,0,0,93,0,323.3,-60.3
11.01.25 22:25,,0,0,0,0,93,0,325.4,-60.8
11.01.25 22:30,,0,0,0,0,93,0,327.6,-61.3
11.01.25 22:35,,0,0,0,0,93,0,329.9,-61.7
11.01.25 22:40,,0,0,0,0,93,0,332.2,-62.1
11.01.25 22:45,,0,0,0,0,92,0,334.6,-62.5
11.01.25 22:50,,0,0,0,0,92,0,337,-62.9
11.01.25 22:55,,0,0,0,0,91,0,339.4,-63.2
11.01.25 23:00,,0,0,0,0,91,0,342,-63.5
11.01.25 23:05,,0,0,0,0,91,0,344.5,-63.7
11.01.25 23:10,,0,0,0,0,92,0,347.1,-63.9
11.01.25 23:15,,0,0,0,0,92,0,349.7,-64.1
11.01.25 23:20,,0,0,0,0,93,0,352.4,-64.2
11.01.25 23:25,,0,0,0,0,93,0,355,-64.3
11.01.25 23:30,,0,0,0,0,93,0,357.7,-64.4
11.01.25 23:35,,0,0,0,0,93,0,0.4,-64.4
11.01.25 23:40,,0,0,0,0,93,0,3.1,-64.4
11.01.25 23:45,,0,0,0,0,92,0,5.8,-64.3
11.01.25 23:50,,0,0,0,0,92,0,8.4,-64.2
11.01.25 23:55,,0,0,0,0,91,0,11.1,-64
12.01.25 00:00,,0,0,0,0,91,0,13.7,-63.9